Roll No,Register No,Name,Email,Section
1,REG001,Student 1,student1@example.com,A
2,REG002,Student 2,student2@example.com,A
3,REG003,Student 3,student3@example.com,A
4,REG004,Student 4,student4@example.com,A
5,REG005,Student 5,student5@example.com,A
6,REG006,Student 6,student6@example.com,A
7,REG007,Student 7,student7@example.com,A
8,REG008,Student 8,student8@example.com,A
9,REG009,Student 9,student9@example.com,A
10,REG010,Student 10,student10@example.com,A
11,REG011,Student 11,student11@example.com,A
12,REG012,Student 12,student12@example.com,A
13,REG013,Student 13,student13@example.com,A
14,REG014,Student 14,student14@example.com,A
15,REG015,Student 15,student15@example.com,A
16,REG016,Student 16,student16@example.com,A
17,REG017,Student 17,student17@example.com,A
18,REG018,Student 18,student18@example.com,A
19,REG019,Student 19,student19@example.com,A
20,REG020,Student 20,student20@example.com,A
21,REG021,Student 21,student21@example.com,A
22,REG022,Student 22,student22@example.com,A
23,REG023,Student 23,student23@example.com,A
24,REG024,Student 24,student24@example.com,A
25,REG025,Student 25,student25@example.com,A
26,REG026,Student 26,student26@example.com,A
27,REG027,Student 27,student27@example.com,A
28,REG028,Student 28,student28@example.com,A
29,REG029,Student 29,student29@example.com,A
30,REG030,Student 30,student30@example.com,A
31,REG031,Student 31,student31@example.com,A
32,REG032,Student 32,student32@example.com,A
33,REG033,Student 33,student33@example.com,A
34,REG034,Student 34,student34@example.com,B
35,REG035,Student 35,student35@example.com,B
36,REG036,Student 36,student36@example.com,B
37,REG037,Student 37,student37@example.com,B
38,REG038,Student 38,student38@example.com,B
39,REG039,Student 39,student39@example.com,B
40,REG040,Student 40,student40@example.com,B
41,REG041,Student 41,student41@example.com,B
42,REG042,Student 42,student42@example.com,B
43,REG043,Student 43,student43@example.com,B
44,REG044,Student 44,student44@example.com,B
45,REG045,Student 45,student45@example.com,B
46,REG046,Student 46,student46@example.com,B
47,REG047,Student 47,student47@example.com,B
48,REG048,Student 48,student48@example.com,B
49,REG049,Student 49,student49@example.com,B
50,REG050,Student 50,student50@example.com,B
51,REG051,Student 51,student51@example.com,B
52,REG052,Student 52,student52@example.com,B
53,REG053,Student 53,student53@example.com,B
54,REG054,Student 54,student54@example.com,B
55,REG055,Student 55,student55@example.com,B
56,REG056,Student 56,student56@example.com,B
57,REG057,Student 57,student57@example.com,B
58,REG058,Student 58,student58@example.com,B
59,REG059,Student 59,student59@example.com,B
60,REG060,Student 60,student60@example.com,B
61,REG061,Student 61,student61@example.com,B
62,REG062,Student 62,student62@example.com,B
63,REG063,Student 63,student63@example.com,B
64,REG064,Student 64,student64@example.com,B
65,REG065,Student 65,student65@example.com,B
66,REG066,Student 66,student66@example.com,B
67,REG067,Student 67,student67@example.com,C
68,REG068,Student 68,student68@example.com,C
69,REG069,Student 69,student69@example.com,C
70,REG070,Student 70,student70@example.com,C
71,REG071,Student 71,student71@example.com,C
72,REG072,Student 72,student72@example.com,C
73,REG073,Student 73,student73@example.com,C
74,REG074,Student 74,student74@example.com,C
75,REG075,Student 75,student75@example.com,C
76,REG076,Student 76,student76@example.com,C
77,REG077,Student 77,student77@example.com,C
78,REG078,Student 78,student78@example.com,C
79,REG079,Student 79,student79@example.com,C
80,REG080,Student 80,student80@example.com,C
81,REG081,Student 81,student81@example.com,C
82,REG082,Student 82,student82@example.com,C
83,REG083,Student 83,student83@example.com,C
84,REG084,Student 84,student84@example.com,C
85,REG085,Student 85,student85@example.com,C
86,REG086,Student 86,student86@example.com,C
87,REG087,Student 87,student87@example.com,C
88,REG088,Student 88,student88@example.com,C
89,REG089,Student 89,student89@example.com,C
90,REG090,Student 90,student90@example.com,C
91,REG091,Student 91,student91@example.com,C
92,REG092,Student 92,student92@example.com,C
93,REG093,Student 93,student93@example.com,C
94,REG094,Student 94,student94@example.com,C
95,REG095,Student 95,student95@example.com,C
96,REG096,Student 96,student96@example.com,C
97,REG097,Student 97,student97@example.com,C
98,REG098,Student 98,student98@example.com,C
99,REG099,Student 99,student99@example.com,C
100,REG100,Student 100,student100@example.com,C
